New York,New York,2017-08-27 14:42:22,2017-08-27 14:42:22
Los Angeles,California,2017-08-27 14:42:22,2017-08-27 14:42:22
Chicago,Illinois,2017-08-27 14:42:22,2017-08-27 14:42:22
Houston,Texas,2017-08-27 14:42:22,2017-08-27 14:42:22
Philadelphia,Pennsylvania,2017-08-27 14:42:22,2017-08-27 14:42:22
Phoenix,Arizona,2017-08-27 14:42:22,2017-08-27 14:42:22
San Antonio,Texas,2017-08-27 14:42:22,2017-08-27 14:42:22
San Diego,California,2017-08-27 14:42:22,2017-08-27 14:42:22
Dallas,Texas,2017-08-27 14:42:22,2017-08-27 14:42:22
San Jose,California,2017-08-27 14:42:22,2017-08-27 14:42:22
Austin,Texas,2017-08-27 14:42:22,2017-08-27 14:42:22
Indianapolis,Indiana,2017-08-27 14:42:22,2017-08-27 14:42:22
Jacksonville,Florida,2017-08-27 14:42:22,2017-08-27 14:42:22
San Francisco,California,2017-08-27 14:42:22,2017-08-27 14:42:22
Columbus,Ohio,2017-08-27 14:42:22,2017-08-27 14:42:22
Charlotte,North Carolina,2017-08-27 14:42:22,2017-08-27 14:42:22
Fort Worth,Texas,2017-08-27 14:42:22,2017-08-27 14:42:22
Detroit,Michigan,2017-08-27 14:42:22,2017-08-27 14:42:22
El Paso,Texas,2017-08-27 14:42:22,2017-08-27 14:42:22
Memphis,Tennessee,2017-08-27 14:42:22,2017-08-27 14:42:22
Seattle,Washington,2017-08-27 14:42:22,2017-08-27 14:42:22
Denver,Colorado,2017-08-27 14:42:22,2017-08-27 14:42:22
Washington,District of Columbia,2017-08-27 14:42:22,2017-08-27 14:42:22
Boston,Massachusetts,2017-08-27 14:42:22,2017-08-27 14:42:22
Nashville-Davidson,Tennessee,2017-08-27 14:42:22,2017-08-27 14:42:22
Baltimore,Maryland,2017-08-27 14:42:22,2017-08-27 14:42:22
Oklahoma City,Oklahoma,2017-08-27 14:42:22,2017-08-27 14:42:22
Louisville/Jefferson County,Kentucky,2017-08-27 14:42:22,2017-08-27 14:42:22
Portland,Oregon,2017-08-27 14:42:22,2017-08-27 14:42:22
Las Vegas,Nevada,2017-08-27 14:42:22,2017-08-27 14:42:22
Milwaukee,Wisconsin,2017-08-27 14:42:22,2017-08-27 14:42:22
Albuquerque,New Mexico,2017-08-27 14:42:22,2017-08-27 14:42:22
Tucson,Arizona,2017-08-27 14:42:22,2017-08-27 14:42:22
Fresno,California,2017-08-27 14:42:22,2017-08-27 14:42:22
Sacramento,California,2017-08-27 14:42:22,2017-08-27 14:42:22
Long Beach,California,2017-08-27 14:42:22,2017-08-27 14:42:22
Kansas City,Missouri,2017-08-27 14:42:22,2017-08-27 14:42:22
Mesa,Arizona,2017-08-27 14:42:22,2017-08-27 14:42:22
Virginia Beach,Virginia,2017-08-27 14:42:22,2017-08-27 14:42:22
Atlanta,Georgia,2017-08-27 14:42:22,2017-08-27 14:42:22
Colorado Springs,Colorado,2017-08-27 14:42:22,2017-08-27 14:42:22
Omaha,Nebraska,2017-08-27 14:42:22,2017-08-27 14:42:22
Raleigh,North Carolina,2017-08-27 14:42:22,2017-08-27 14:42:22
Miami,Florida,2017-08-27 14:42:22,2017-08-27 14:42:22
Oakland,California,2017-08-27 14:42:22,2017-08-27 14:42:22
Minneapolis,Minnesota,2017-08-27 14:42:22,2017-08-27 14:42:22
Tulsa,Oklahoma,2017-08-27 14:42:22,2017-08-27 14:42:22
Cleveland,Ohio,2017-08-27 14:42:22,2017-08-27 14:42:22
Wichita,Kansas,2017-08-27 14:42:22,2017-08-27 14:42:22
Arlington,Texas,2017-08-27 14:42:22,2017-08-27 14:42:22
New Orleans,Louisiana,2017-08-27 14:42:22,2017-08-27 14:42:22
Bakersfield,California,2017-08-27 14:42:22,2017-08-27 14:42:22
Tampa,Florida,2017-08-27 14:42:22,2017-08-27 14:42:22
Honolulu,Hawaii,2017-08-27 14:42:22,2017-08-27 14:42:22
Aurora,Colorado,2017-08-27 14:42:22,2017-08-27 14:42:22
Anaheim,California,2017-08-27 14:42:22,2017-08-27 14:42:22
Santa Ana,California,2017-08-27 14:42:22,2017-08-27 14:42:22
St. Louis,Missouri,2017-08-27 14:42:22,2017-08-27 14:42:22
Riverside,California,2017-08-27 14:42:22,2017-08-27 14:42:22
Corpus Christi,Texas,2017-08-27 14:42:22,2017-08-27 14:42:22
Lexington-Fayette,Kentucky,2017-08-27 14:42:22,2017-08-27 14:42:22
Pittsburgh,Pennsylvania,2017-08-27 14:42:22,2017-08-27 14:42:22
Anchorage,Alaska,2017-08-27 14:42:22,2017-08-27 14:42:22
Stockton,California,2017-08-27 14:42:22,2017-08-27 14:42:22
Cincinnati,Ohio,2017-08-27 14:42:22,2017-08-27 14:42:22
St. Paul,Minnesota,2017-08-27 14:42:22,2017-08-27 14:42:22
Toledo,Ohio,2017-08-27 14:42:22,2017-08-27 14:42:22
Greensboro,North Carolina,2017-08-27 14:42:22,2017-08-27 14:42:22
Newark,New Jersey,2017-08-27 14:42:22,2017-08-27 14:42:22
Plano,Texas,2017-08-27 14:42:22,2017-08-27 14:42:22
Henderson,Nevada,2017-08-27 14:42:22,2017-08-27 14:42:22
Lincoln,Nebraska,2017-08-27 14:42:22,2017-08-27 14:42:22
Buffalo,New York,2017-08-27 14:42:22,2017-08-27 14:42:22
Jersey City,New Jersey,2017-08-27 14:42:22,2017-08-27 14:42:22
Chula Vista,California,2017-08-27 14:42:22,2017-08-27 14:42:22
Fort Wayne,Indiana,2017-08-27 14:42:22,2017-08-27 14:42:22
Orlando,Florida,2017-08-27 14:42:22,2017-08-27 14:42:22
St. Petersburg,Florida,2017-08-27 14:42:22,2017-08-27 14:42:22
Chandler,Arizona,2017-08-27 14:42:22,2017-08-27 14:42:22
Laredo,Texas,2017-08-27 14:42:22,2017-08-27 14:42:22
Norfolk,Virginia,2017-08-27 14:42:22,2017-08-27 14:42:22
Durham,North Carolina,2017-08-27 14:42:22,2017-08-27 14:42:22
Madison,Wisconsin,2017-08-27 14:42:22,2017-08-27 14:42:22
Lubbock,Texas,2017-08-27 14:42:22,2017-08-27 14:42:22
Irvine,California,2017-08-27 14:42:22,2017-08-27 14:42:22
Winston-Salem,North Carolina,2017-08-27 14:42:22,2017-08-27 14:42:22
Glendale,Arizona,2017-08-27 14:42:22,2017-08-27 14:42:22
Garland,Texas,2017-08-27 14:42:22,2017-08-27 14:42:22
Hialeah,Florida,2017-08-27 14:42:22,2017-08-27 14:42:22
Reno,Nevada,2017-08-27 14:42:22,2017-08-27 14:42:22
Chesapeake,Virginia,2017-08-27 14:42:22,2017-08-27 14:42:22
Gilbert,Arizona,2017-08-27 14:42:22,2017-08-27 14:42:22
Baton Rouge,Louisiana,2017-08-27 14:42:22,2017-08-27 14:42:22
Irving,Texas,2017-08-27 14:42:22,2017-08-27 14:42:22
Scottsdale,Arizona,2017-08-27 14:42:22,2017-08-27 14:42:22
North Las Vegas,Nevada,2017-08-27 14:42:22,2017-08-27 14:42:22
Fremont,California,2017-08-27 14:42:22,2017-08-27 14:42:22
Boise City,Idaho,2017-08-27 14:42:22,2017-08-27 14:42:22
Richmond,Virginia,2017-08-27 14:42:22,2017-08-27 14:42:22
San Bernardino,California,2017-08-27 14:42:22,2017-08-27 14:42:22
Birmingham,Alabama,2017-08-27 14:42:22,2017-08-27 14:42:22
Spokane,Washington,2017-08-27 14:42:22,2017-08-27 14:42:22
Rochester,New York,2017-08-27 14:42:22,2017-08-27 14:42:22
Des Moines,Iowa,2017-08-27 14:42:22,2017-08-27 14:42:22
Modesto,California,2017-08-27 14:42:22,2017-08-27 14:42:22
Fayetteville,North Carolina,2017-08-27 14:42:22,2017-08-27 14:42:22
Tacoma,Washington,2017-08-27 14:42:22,2017-08-27 14:42:22
Oxnard,California,2017-08-27 14:42:22,2017-08-27 14:42:22
Fontana,California,2017-08-27 14:42:22,2017-08-27 14:42:22
Columbus,Georgia,2017-08-27 14:42:22,2017-08-27 14:42:22
Montgomery,Alabama,2017-08-27 14:42:22,2017-08-27 14:42:22
Moreno Valley,California,2017-08-27 14:42:22,2017-08-27 14:42:22
Shreveport,Louisiana,2017-08-27 14:42:22,2017-08-27 14:42:22
Aurora,Illinois,2017-08-27 14:42:22,2017-08-27 14:42:22
Yonkers,New York,2017-08-27 14:42:22,2017-08-27 14:42:22
Akron,Ohio,2017-08-27 14:42:22,2017-08-27 14:42:22
Huntington Beach,California,2017-08-27 14:42:22,2017-08-27 14:42:22
Little Rock,Arkansas,2017-08-27 14:42:22,2017-08-27 14:42:22
Augusta-Richmond County,Georgia,2017-08-27 14:42:22,2017-08-27 14:42:22
Amarillo,Texas,2017-08-27 14:42:22,2017-08-27 14:42:22
Glendale,California,2017-08-27 14:42:22,2017-08-27 14:42:22
Mobile,Alabama,2017-08-27 14:42:22,2017-08-27 14:42:22
Grand Rapids,Michigan,2017-08-27 14:42:22,2017-08-27 14:42:22
Salt Lake City,Utah,2017-08-27 14:42:22,2017-08-27 14:42:22
Tallahassee,Florida,2017-08-27 14:42:22,2017-08-27 14:42:22
Huntsville,Alabama,2017-08-27 14:42:22,2017-08-27 14:42:22
Grand Prairie,Texas,2017-08-27 14:42:22,2017-08-27 14:42:22
Knoxville,Tennessee,2017-08-27 14:42:22,2017-08-27 14:42:22
Worcester,Massachusetts,2017-08-27 14:42:22,2017-08-27 14:42:22
Newport News,Virginia,2017-08-27 14:42:22,2017-08-27 14:42:22
Brownsville,Texas,2017-08-27 14:42:22,2017-08-27 14:42:22
Overland Park,Kansas,2017-08-27 14:42:22,2017-08-27 14:42:22
Santa Clarita,California,2017-08-27 14:42:22,2017-08-27 14:42:22
Providence,Rhode Island,2017-08-27 14:42:22,2017-08-27 14:42:22
Garden Grove,California,2017-08-27 14:42:22,2017-08-27 14:42:22
Chattanooga,Tennessee,2017-08-27 14:42:22,2017-08-27 14:42:22
Oceanside,California,2017-08-27 14:42:22,2017-08-27 14:42:22
Jackson,Mississippi,2017-08-27 14:42:22,2017-08-27 14:42:22
Fort Lauderdale,Florida,2017-08-27 14:42:22,2017-08-27 14:42:22
Santa Rosa,California,2017-08-27 14:42:22,2017-08-27 14:42:22
Rancho Cucamonga,California,2017-08-27 14:42:22,2017-08-27 14:42:22
Port St. Lucie,Florida,2017-08-27 14:42:22,2017-08-27 14:42:22
Tempe,Arizona,2017-08-27 14:42:22,2017-08-27 14:42:22
Ontario,California,2017-08-27 14:42:22,2017-08-27 14:42:22
Vancouver,Washington,2017-08-27 14:42:22,2017-08-27 14:42:22
Cape Coral,Florida,2017-08-27 14:42:22,2017-08-27 14:42:22
Sioux Falls,South Dakota,2017-08-27 14:42:22,2017-08-27 14:42:22
Springfield,Missouri,2017-08-27 14:42:22,2017-08-27 14:42:22
Peoria,Arizona,2017-08-27 14:42:22,2017-08-27 14:42:22
Pembroke Pines,Florida,2017-08-27 14:42:22,2017-08-27 14:42:22
Elk Grove,California,2017-08-27 14:42:22,2017-08-27 14:42:22
Salem,Oregon,2017-08-27 14:42:22,2017-08-27 14:42:22
Lancaster,California,2017-08-27 14:42:22,2017-08-27 14:42:22
Corona,California,2017-08-27 14:42:22,2017-08-27 14:42:22
Eugene,Oregon,2017-08-27 14:42:22,2017-08-27 14:42:22
Palmdale,California,2017-08-27 14:42:22,2017-08-27 14:42:22
Salinas,California,2017-08-27 14:42:22,2017-08-27 14:42:22
Springfield,Massachusetts,2017-08-27 14:42:22,2017-08-27 14:42:22
Pasadena,Texas,2017-08-27 14:42:22,2017-08-27 14:42:22
Fort Collins,Colorado,2017-08-27 14:42:22,2017-08-27 14:42:22
Hayward,California,2017-08-27 14:42:22,2017-08-27 14:42:22
Pomona,California,2017-08-27 14:42:22,2017-08-27 14:42:22
Cary,North Carolina,2017-08-27 14:42:22,2017-08-27 14:42:22
Rockford,Illinois,2017-08-27 14:42:22,2017-08-27 14:42:22
Alexandria,Virginia,2017-08-27 14:42:22,2017-08-27 14:42:22
Escondido,California,2017-08-27 14:42:22,2017-08-27 14:42:22
McKinney,Texas,2017-08-27 14:42:22,2017-08-27 14:42:22
Kansas City,Kansas,2017-08-27 14:42:22,2017-08-27 14:42:22
Joliet,Illinois,2017-08-27 14:42:22,2017-08-27 14:42:22
Sunnyvale,California,2017-08-27 14:42:22,2017-08-27 14:42:22
Torrance,California,2017-08-27 14:42:22,2017-08-27 14:42:22
Bridgeport,Connecticut,2017-08-27 14:42:22,2017-08-27 14:42:22
Lakewood,Colorado,2017-08-27 14:42:22,2017-08-27 14:42:22
Hollywood,Florida,2017-08-27 14:42:22,2017-08-27 14:42:22
Paterson,New Jersey,2017-08-27 14:42:22,2017-08-27 14:42:22
Naperville,Illinois,2017-08-27 14:42:22,2017-08-27 14:42:22
Syracuse,New York,2017-08-27 14:42:22,2017-08-27 14:42:22
Mesquite,Texas,2017-08-27 14:42:22,2017-08-27 14:42:22
Dayton,Ohio,2017-08-27 14:42:22,2017-08-27 14:42:22
Savannah,Georgia,2017-08-27 14:42:22,2017-08-27 14:42:22
Clarksville,Tennessee,2017-08-27 14:42:22,2017-08-27 14:42:22
Orange,California,2017-08-27 14:42:22,2017-08-27 14:42:22
Pasadena,California,2017-08-27 14:42:22,2017-08-27 14:42:22
Fullerton,California,2017-08-27 14:42:22,2017-08-27 14:42:22
Killeen,Texas,2017-08-27 14:42:22,2017-08-27 14:42:22
Frisco,Texas,2017-08-27 14:42:22,2017-08-27 14:42:22
Hampton,Virginia,2017-08-27 14:42:22,2017-08-27 14:42:22
McAllen,Texas,2017-08-27 14:42:22,2017-08-27 14:42:22
Warren,Michigan,2017-08-27 14:42:22,2017-08-27 14:42:22
Bellevue,Washington,2017-08-27 14:42:22,2017-08-27 14:42:22
West Valley City,Utah,2017-08-27 14:42:22,2017-08-27 14:42:22
Columbia,South Carolina,2017-08-27 14:42:22,2017-08-27 14:42:22
Olathe,Kansas,2017-08-27 14:42:22,2017-08-27 14:42:22
Sterling Heights,Michigan,2017-08-27 14:42:22,2017-08-27 14:42:22
New Haven,Connecticut,2017-08-27 14:42:22,2017-08-27 14:42:22
Miramar,Florida,2017-08-27 14:42:22,2017-08-27 14:42:22
Waco,Texas,2017-08-27 14:42:22,2017-08-27 14:42:22
Thousand Oaks,California,2017-08-27 14:42:22,2017-08-27 14:42:22
Cedar Rapids,Iowa,2017-08-27 14:42:22,2017-08-27 14:42:22
Charleston,South Carolina,2017-08-27 14:42:22,2017-08-27 14:42:22
Visalia,California,2017-08-27 14:42:22,2017-08-27 14:42:22
Topeka,Kansas,2017-08-27 14:42:22,2017-08-27 14:42:22
Elizabeth,New Jersey,2017-08-27 14:42:22,2017-08-27 14:42:22
Gainesville,Florida,2017-08-27 14:42:22,2017-08-27 14:42:22
Thornton,Colorado,2017-08-27 14:42:22,2017-08-27 14:42:22
Roseville,California,2017-08-27 14:42:22,2017-08-27 14:42:22
Carrollton,Texas,2017-08-27 14:42:22,2017-08-27 14:42:22
Coral Springs,Florida,2017-08-27 14:42:22,2017-08-27 14:42:22
Stamford,Connecticut,2017-08-27 14:42:22,2017-08-27 14:42:22
Simi Valley,California,2017-08-27 14:42:22,2017-08-27 14:42:22
Concord,California,2017-08-27 14:42:22,2017-08-27 14:42:22
Hartford,Connecticut,2017-08-27 14:42:22,2017-08-27 14:42:22
Kent,Washington,2017-08-27 14:42:22,2017-08-27 14:42:22
Lafayette,Louisiana,2017-08-27 14:42:22,2017-08-27 14:42:22
Midland,Texas,2017-08-27 14:42:22,2017-08-27 14:42:22
Surprise,Arizona,2017-08-27 14:42:22,2017-08-27 14:42:22
Denton,Texas,2017-08-27 14:42:22,2017-08-27 14:42:22
Victorville,California,2017-08-27 14:42:22,2017-08-27 14:42:22
Evansville,Indiana,2017-08-27 14:42:22,2017-08-27 14:42:22
Santa Clara,California,2017-08-27 14:42:22,2017-08-27 14:42:22
Abilene,Texas,2017-08-27 14:42:22,2017-08-27 14:42:22
Athens-Clarke County,Georgia,2017-08-27 14:42:22,2017-08-27 14:42:22
Vallejo,California,2017-08-27 14:42:22,2017-08-27 14:42:22
Allentown,Pennsylvania,2017-08-27 14:42:22,2017-08-27 14:42:22
Norman,Oklahoma,2017-08-27 14:42:22,2017-08-27 14:42:22
Beaumont,Texas,2017-08-27 14:42:22,2017-08-27 14:42:22
Independence,Missouri,2017-08-27 14:42:22,2017-08-27 14:42:22
Murfreesboro,Tennessee,2017-08-27 14:42:22,2017-08-27 14:42:22
Ann Arbor,Michigan,2017-08-27 14:42:22,2017-08-27 14:42:22
Springfield,Illinois,2017-08-27 14:42:22,2017-08-27 14:42:22
Berkeley,California,2017-08-27 14:42:22,2017-08-27 14:42:22
Peoria,Illinois,2017-08-27 14:42:22,2017-08-27 14:42:22
Provo,Utah,2017-08-27 14:42:22,2017-08-27 14:42:22
El Monte,California,2017-08-27 14:42:22,2017-08-27 14:42:22
Columbia,Missouri,2017-08-27 14:42:22,2017-08-27 14:42:22
Lansing,Michigan,2017-08-27 14:42:22,2017-08-27 14:42:22
Fargo,North Dakota,2017-08-27 14:42:22,2017-08-27 14:42:22
Downey,California,2017-08-27 14:42:22,2017-08-27 14:42:22
Costa Mesa,California,2017-08-27 14:42:22,2017-08-27 14:42:22
Wilmington,North Carolina,2017-08-27 14:42:22,2017-08-27 14:42:22
Arvada,Colorado,2017-08-27 14:42:22,2017-08-27 14:42:22
Inglewood,California,2017-08-27 14:42:22,2017-08-27 14:42:22
Miami Gardens,Florida,2017-08-27 14:42:22,2017-08-27 14:42:22
Carlsbad,California,2017-08-27 14:42:22,2017-08-27 14:42:22
Westminster,Colorado,2017-08-27 14:42:22,2017-08-27 14:42:22
Rochester,Minnesota,2017-08-27 14:42:22,2017-08-27 14:42:22
Odessa,Texas,2017-08-27 14:42:22,2017-08-27 14:42:22
Manchester,New Hampshire,2017-08-27 14:42:22,2017-08-27 14:42:22
Elgin,Illinois,2017-08-27 14:42:22,2017-08-27 14:42:22
West Jordan,Utah,2017-08-27 14:42:22,2017-08-27 14:42:22
Round Rock,Texas,2017-08-27 14:42:22,2017-08-27 14:42:22
Clearwater,Florida,2017-08-27 14:42:22,2017-08-27 14:42:22
Waterbury,Connecticut,2017-08-27 14:42:22,2017-08-27 14:42:22
Gresham,Oregon,2017-08-27 14:42:22,2017-08-27 14:42:22
Fairfield,California,2017-08-27 14:42:22,2017-08-27 14:42:22
Billings,Montana,2017-08-27 14:42:22,2017-08-27 14:42:22
Lowell,Massachusetts,2017-08-27 14:42:22,2017-08-27 14:42:22
San Buenaventura (Ventura),California,2017-08-27 14:42:22,2017-08-27 14:42:22
Pueblo,Colorado,2017-08-27 14:42:22,2017-08-27 14:42:22
High Point,North Carolina,2017-08-27 14:42:22,2017-08-27 14:42:22
West Covina,California,2017-08-27 14:42:22,2017-08-27 14:42:22
Richmond,California,2017-08-27 14:42:22,2017-08-27 14:42:22
Murrieta,California,2017-08-27 14:42:22,2017-08-27 14:42:22
Cambridge,Massachusetts,2017-08-27 14:42:22,2017-08-27 14:42:22
Antioch,California,2017-08-27 14:42:22,2017-08-27 14:42:22
Temecula,California,2017-08-27 14:42:22,2017-08-27 14:42:22
Norwalk,California,2017-08-27 14:42:22,2017-08-27 14:42:22
Centennial,Colorado,2017-08-27 14:42:22,2017-08-27 14:42:22
Everett,Washington,2017-08-27 14:42:22,2017-08-27 14:42:22
Palm Bay,Florida,2017-08-27 14:42:22,2017-08-27 14:42:22
Wichita Falls,Texas,2017-08-27 14:42:22,2017-08-27 14:42:22
Green Bay,Wisconsin,2017-08-27 14:42:22,2017-08-27 14:42:22
Daly City,California,2017-08-27 14:42:22,2017-08-27 14:42:22
Burbank,California,2017-08-27 14:42:22,2017-08-27 14:42:22
Richardson,Texas,2017-08-27 14:42:22,2017-08-27 14:42:22
Pompano Beach,Florida,2017-08-27 14:42:22,2017-08-27 14:42:22
North Charleston,South Carolina,2017-08-27 14:42:22,2017-08-27 14:42:22
Broken Arrow,Oklahoma,2017-08-27 14:42:22,2017-08-27 14:42:22
Boulder,Colorado,2017-08-27 14:42:22,2017-08-27 14:42:22
West Palm Beach,Florida,2017-08-27 14:42:22,2017-08-27 14:42:22
Santa Maria,California,2017-08-27 14:42:22,2017-08-27 14:42:22
El Cajon,California,2017-08-27 14:42:22,2017-08-27 14:42:22
Davenport,Iowa,2017-08-27 14:42:22,2017-08-27 14:42:22
Rialto,California,2017-08-27 14:42:22,2017-08-27 14:42:22
Las Cruces,New Mexico,2017-08-27 14:42:22,2017-08-27 14:42:22
San Mateo,California,2017-08-27 14:42:22,2017-08-27 14:42:22
Lewisville,Texas,2017-08-27 14:42:22,2017-08-27 14:42:22
South Bend,Indiana,2017-08-27 14:42:22,2017-08-27 14:42:22
Lakeland,Florida,2017-08-27 14:42:22,2017-08-27 14:42:22
Erie,Pennsylvania,2017-08-27 14:42:22,2017-08-27 14:42:22
Tyler,Texas,2017-08-27 14:42:22,2017-08-27 14:42:22
Pearland,Texas,2017-08-27 14:42:22,2017-08-27 14:42:22
College Station,Texas,2017-08-27 14:42:22,2017-08-27 14:42:22
Kenosha,Wisconsin,2017-08-27 14:42:22,2017-08-27 14:42:22
Sandy Springs,Georgia,2017-08-27 14:42:22,2017-08-27 14:42:22
Clovis,California,2017-08-27 14:42:22,2017-08-27 14:42:22
Flint,Michigan,2017-08-27 14:42:22,2017-08-27 14:42:22
Roanoke,Virginia,2017-08-27 14:42:22,2017-08-27 14:42:22
Albany,New York,2017-08-27 14:42:22,2017-08-27 14:42:22
Jurupa Valley,California,2017-08-27 14:42:22,2017-08-27 14:42:22
Compton,California,2017-08-27 14:42:22,2017-08-27 14:42:22
San Angelo,Texas,2017-08-27 14:42:22,2017-08-27 14:42:22
Hillsboro,Oregon,2017-08-27 14:42:22,2017-08-27 14:42:22
Lawton,Oklahoma,2017-08-27 14:42:22,2017-08-27 14:42:22
Renton,Washington,2017-08-27 14:42:22,2017-08-27 14:42:22
Vista,California,2017-08-27 14:42:22,2017-08-27 14:42:22
Davie,Florida,2017-08-27 14:42:22,2017-08-27 14:42:22
Greeley,Colorado,2017-08-27 14:42:22,2017-08-27 14:42:22
Mission Viejo,California,2017-08-27 14:42:22,2017-08-27 14:42:22
Portsmouth,Virginia,2017-08-27 14:42:22,2017-08-27 14:42:22
Dearborn,Michigan,2017-08-27 14:42:22,2017-08-27 14:42:22
South Gate,California,2017-08-27 14:42:22,2017-08-27 14:42:22
Tuscaloosa,Alabama,2017-08-27 14:42:22,2017-08-27 14:42:22
Livonia,Michigan,2017-08-27 14:42:22,2017-08-27 14:42:22
New Bedford,Massachusetts,2017-08-27 14:42:22,2017-08-27 14:42:22
Vacaville,California,2017-08-27 14:42:22,2017-08-27 14:42:22
Brockton,Massachusetts,2017-08-27 14:42:22,2017-08-27 14:42:22
Roswell,Georgia,2017-08-27 14:42:22,2017-08-27 14:42:22
Beaverton,Oregon,2017-08-27 14:42:22,2017-08-27 14:42:22
Quincy,Massachusetts,2017-08-27 14:42:22,2017-08-27 14:42:22
Sparks,Nevada,2017-08-27 14:42:22,2017-08-27 14:42:22
Yakima,Washington,2017-08-27 14:42:22,2017-08-27 14:42:22
Lee's Summit,Missouri,2017-08-27 14:42:22,2017-08-27 14:42:22
Federal Way,Washington,2017-08-27 14:42:22,2017-08-27 14:42:22
Carson,California,2017-08-27 14:42:22,2017-08-27 14:42:22
Santa Monica,California,2017-08-27 14:42:22,2017-08-27 14:42:22
Hesperia,California,2017-08-27 14:42:22,2017-08-27 14:42:22
Allen,Texas,2017-08-27 14:42:22,2017-08-27 14:42:22
Rio Rancho,New Mexico,2017-08-27 14:42:22,2017-08-27 14:42:22
Yuma,Arizona,2017-08-27 14:42:22,2017-08-27 14:42:22
Westminster,California,2017-08-27 14:42:22,2017-08-27 14:42:22
Orem,Utah,2017-08-27 14:42:22,2017-08-27 14:42:22
Lynn,Massachusetts,2017-08-27 14:42:22,2017-08-27 14:42:22
Redding,California,2017-08-27 14:42:22,2017-08-27 14:42:22
Spokane Valley,Washington,2017-08-27 14:42:22,2017-08-27 14:42:22
Miami Beach,Florida,2017-08-27 14:42:22,2017-08-27 14:42:22
League City,Texas,2017-08-27 14:42:22,2017-08-27 14:42:22
Lawrence,Kansas,2017-08-27 14:42:22,2017-08-27 14:42:22
Santa Barbara,California,2017-08-27 14:42:22,2017-08-27 14:42:22
Plantation,Florida,2017-08-27 14:42:22,2017-08-27 14:42:22
Sandy,Utah,2017-08-27 14:42:22,2017-08-27 14:42:22
Sunrise,Florida,2017-08-27 14:42:22,2017-08-27 14:42:22
Macon,Georgia,2017-08-27 14:42:22,2017-08-27 14:42:22
Longmont,Colorado,2017-08-27 14:42:22,2017-08-27 14:42:22
Boca Raton,Florida,2017-08-27 14:42:22,2017-08-27 14:42:22
San Marcos,California,2017-08-27 14:42:22,2017-08-27 14:42:22
Greenville,North Carolina,2017-08-27 14:42:22,2017-08-27 14:42:22
Waukegan,Illinois,2017-08-27 14:42:22,2017-08-27 14:42:22
Fall River,Massachusetts,2017-08-27 14:42:22,2017-08-27 14:42:22
Chico,California,2017-08-27 14:42:22,2017-08-27 14:42:22
Newton,Massachusetts,2017-08-27 14:42:22,2017-08-27 14:42:22
San Leandro,California,2017-08-27 14:42:22,2017-08-27 14:42:22
Reading,Pennsylvania,2017-08-27 14:42:22,2017-08-27 14:42:22
Norwalk,Connecticut,2017-08-27 14:42:22,2017-08-27 14:42:22
Fort Smith,Arkansas,2017-08-27 14:42:22,2017-08-27 14:42:22
Newport Beach,California,2017-08-27 14:42:22,2017-08-27 14:42:22
Asheville,North Carolina,2017-08-27 14:42:22,2017-08-27 14:42:22
Nashua,New Hampshire,2017-08-27 14:42:22,2017-08-27 14:42:22
Edmond,Oklahoma,2017-08-27 14:42:22,2017-08-27 14:42:22
Whittier,California,2017-08-27 14:42:22,2017-08-27 14:42:22
Nampa,Idaho,2017-08-27 14:42:22,2017-08-27 14:42:22
Bloomington,Minnesota,2017-08-27 14:42:22,2017-08-27 14:42:22
Deltona,Florida,2017-08-27 14:42:22,2017-08-27 14:42:22
Hawthorne,California,2017-08-27 14:42:22,2017-08-27 14:42:22
Duluth,Minnesota,2017-08-27 14:42:22,2017-08-27 14:42:22
Carmel,Indiana,2017-08-27 14:42:22,2017-08-27 14:42:22
Suffolk,Virginia,2017-08-27 14:42:22,2017-08-27 14:42:22
Clifton,New Jersey,2017-08-27 14:42:22,2017-08-27 14:42:22
Citrus Heights,California,2017-08-27 14:42:22,2017-08-27 14:42:22
Livermore,California,2017-08-27 14:42:22,2017-08-27 14:42:22
Tracy,California,2017-08-27 14:42:22,2017-08-27 14:42:22
Alhambra,California,2017-08-27 14:42:22,2017-08-27 14:42:22
Kirkland,Washington,2017-08-27 14:42:22,2017-08-27 14:42:22
Trenton,New Jersey,2017-08-27 14:42:22,2017-08-27 14:42:22
Ogden,Utah,2017-08-27 14:42:22,2017-08-27 14:42:22
Hoover,Alabama,2017-08-27 14:42:22,2017-08-27 14:42:22
Cicero,Illinois,2017-08-27 14:42:22,2017-08-27 14:42:22
Fishers,Indiana,2017-08-27 14:42:22,2017-08-27 14:42:22
Sugar Land,Texas,2017-08-27 14:42:22,2017-08-27 14:42:22
Danbury,Connecticut,2017-08-27 14:42:22,2017-08-27 14:42:22
Meridian,Idaho,2017-08-27 14:42:22,2017-08-27 14:42:22
Indio,California,2017-08-27 14:42:22,2017-08-27 14:42:22
Concord,North Carolina,2017-08-27 14:42:22,2017-08-27 14:42:22
Menifee,California,2017-08-27 14:42:22,2017-08-27 14:42:22
Champaign,Illinois,2017-08-27 14:42:22,2017-08-27 14:42:22
Buena Park,California,2017-08-27 14:42:22,2017-08-27 14:42:22
Troy,Michigan,2017-08-27 14:42:22,2017-08-27 14:42:22
O'Fallon,Missouri,2017-08-27 14:42:22,2017-08-27 14:42:22
Johns Creek,Georgia,2017-08-27 14:42:22,2017-08-27 14:42:22
Bellingham,Washington,2017-08-27 14:42:22,2017-08-27 14:42:22
Westland,Michigan,2017-08-27 14:42:22,2017-08-27 14:42:22
Bloomington,Indiana,2017-08-27 14:42:22,2017-08-27 14:42:22
Sioux City,Iowa,2017-08-27 14:42:22,2017-08-27 14:42:22
Warwick,Rhode Island,2017-08-27 14:42:22,2017-08-27 14:42:22
Hemet,California,2017-08-27 14:42:22,2017-08-27 14:42:22
Longview,Texas,2017-08-27 14:42:22,2017-08-27 14:42:22
Farmington Hills,Michigan,2017-08-27 14:42:22,2017-08-27 14:42:22
Bend,Oregon,2017-08-27 14:42:22,2017-08-27 14:42:22
Lakewood,California,2017-08-27 14:42:22,2017-08-27 14:42:22
Merced,California,2017-08-27 14:42:22,2017-08-27 14:42:22
Mission,Texas,2017-08-27 14:42:22,2017-08-27 14:42:22
Chino,California,2017-08-27 14:42:22,2017-08-27 14:42:22
Redwood City,California,2017-08-27 14:42:22,2017-08-27 14:42:22
Edinburg,Texas,2017-08-27 14:42:22,2017-08-27 14:42:22
Cranston,Rhode Island,2017-08-27 14:42:22,2017-08-27 14:42:22
Parma,Ohio,2017-08-27 14:42:22,2017-08-27 14:42:22
New Rochelle,New York,2017-08-27 14:42:22,2017-08-27 14:42:22
Lake Forest,California,2017-08-27 14:42:22,2017-08-27 14:42:22
Napa,California,2017-08-27 14:42:22,2017-08-27 14:42:22
Hammond,Indiana,2017-08-27 14:42:22,2017-08-27 14:42:22
Fayetteville,Arkansas,2017-08-27 14:42:22,2017-08-27 14:42:22
Bloomington,Illinois,2017-08-27 14:42:22,2017-08-27 14:42:22
Avondale,Arizona,2017-08-27 14:42:22,2017-08-27 14:42:22
Somerville,Massachusetts,2017-08-27 14:42:22,2017-08-27 14:42:22
Palm Coast,Florida,2017-08-27 14:42:22,2017-08-27 14:42:22
Bryan,Texas,2017-08-27 14:42:22,2017-08-27 14:42:22
Gary,Indiana,2017-08-27 14:42:22,2017-08-27 14:42:22
Largo,Florida,2017-08-27 14:42:22,2017-08-27 14:42:22
Brooklyn Park,Minnesota,2017-08-27 14:42:22,2017-08-27 14:42:22
Tustin,California,2017-08-27 14:42:22,2017-08-27 14:42:22
Racine,Wisconsin,2017-08-27 14:42:22,2017-08-27 14:42:22
Deerfield Beach,Florida,2017-08-27 14:42:22,2017-08-27 14:42:22
Lynchburg,Virginia,2017-08-27 14:42:22,2017-08-27 14:42:22
Mountain View,California,2017-08-27 14:42:22,2017-08-27 14:42:22
Medford,Oregon,2017-08-27 14:42:22,2017-08-27 14:42:22
Lawrence,Massachusetts,2017-08-27 14:42:22,2017-08-27 14:42:22
Bellflower,California,2017-08-27 14:42:22,2017-08-27 14:42:22
Melbourne,Florida,2017-08-27 14:42:22,2017-08-27 14:42:22
St. Joseph,Missouri,2017-08-27 14:42:22,2017-08-27 14:42:22
Camden,New Jersey,2017-08-27 14:42:22,2017-08-27 14:42:22
St. George,Utah,2017-08-27 14:42:22,2017-08-27 14:42:22
Kennewick,Washington,2017-08-27 14:42:22,2017-08-27 14:42:22
Baldwin Park,California,2017-08-27 14:42:22,2017-08-27 14:42:22
Chino Hills,California,2017-08-27 14:42:22,2017-08-27 14:42:22
Alameda,California,2017-08-27 14:42:22,2017-08-27 14:42:22
Albany,Georgia,2017-08-27 14:42:22,2017-08-27 14:42:22
Arlington Heights,Illinois,2017-08-27 14:42:22,2017-08-27 14:42:22
Scranton,Pennsylvania,2017-08-27 14:42:22,2017-08-27 14:42:22
Evanston,Illinois,2017-08-27 14:42:22,2017-08-27 14:42:22
Kalamazoo,Michigan,2017-08-27 14:42:22,2017-08-27 14:42:22
Baytown,Texas,2017-08-27 14:42:22,2017-08-27 14:42:22
Upland,California,2017-08-27 14:42:22,2017-08-27 14:42:22
Springdale,Arkansas,2017-08-27 14:42:22,2017-08-27 14:42:22
Bethlehem,Pennsylvania,2017-08-27 14:42:22,2017-08-27 14:42:22
Schaumburg,Illinois,2017-08-27 14:42:22,2017-08-27 14:42:22
Mount Pleasant,South Carolina,2017-08-27 14:42:22,2017-08-27 14:42:22
Auburn,Washington,2017-08-27 14:42:22,2017-08-27 14:42:22
Decatur,Illinois,2017-08-27 14:42:22,2017-08-27 14:42:22
San Ramon,California,2017-08-27 14:42:22,2017-08-27 14:42:22
Pleasanton,California,2017-08-27 14:42:22,2017-08-27 14:42:22
Wyoming,Michigan,2017-08-27 14:42:22,2017-08-27 14:42:22
Lake Charles,Louisiana,2017-08-27 14:42:22,2017-08-27 14:42:22
Plymouth,Minnesota,2017-08-27 14:42:22,2017-08-27 14:42:22
Bolingbrook,Illinois,2017-08-27 14:42:22,2017-08-27 14:42:22
Pharr,Texas,2017-08-27 14:42:22,2017-08-27 14:42:22
Appleton,Wisconsin,2017-08-27 14:42:22,2017-08-27 14:42:22
Gastonia,North Carolina,2017-08-27 14:42:22,2017-08-27 14:42:22
Folsom,California,2017-08-27 14:42:22,2017-08-27 14:42:22
Southfield,Michigan,2017-08-27 14:42:22,2017-08-27 14:42:22
Rochester Hills,Michigan,2017-08-27 14:42:22,2017-08-27 14:42:22
New Britain,Connecticut,2017-08-27 14:42:22,2017-08-27 14:42:22
Goodyear,Arizona,2017-08-27 14:42:22,2017-08-27 14:42:22
Canton,Ohio,2017-08-27 14:42:22,2017-08-27 14:42:22
Warner Robins,Georgia,2017-08-27 14:42:22,2017-08-27 14:42:22
Union City,California,2017-08-27 14:42:22,2017-08-27 14:42:22
Perris,California,2017-08-27 14:42:22,2017-08-27 14:42:22
Manteca,California,2017-08-27 14:42:22,2017-08-27 14:42:22
Iowa City,Iowa,2017-08-27 14:42:22,2017-08-27 14:42:22
Jonesboro,Arkansas,2017-08-27 14:42:22,2017-08-27 14:42:22
Wilmington,Delaware,2017-08-27 14:42:22,2017-08-27 14:42:22
Lynwood,California,2017-08-27 14:42:22,2017-08-27 14:42:22
Loveland,Colorado,2017-08-27 14:42:22,2017-08-27 14:42:22
Pawtucket,Rhode Island,2017-08-27 14:42:22,2017-08-27 14:42:22
Boynton Beach,Florida,2017-08-27 14:42:22,2017-08-27 14:42:22
Waukesha,Wisconsin,2017-08-27 14:42:22,2017-08-27 14:42:22
Gulfport,Mississippi,2017-08-27 14:42:22,2017-08-27 14:42:22
Apple Valley,California,2017-08-27 14:42:22,2017-08-27 14:42:22
Passaic,New Jersey,2017-08-27 14:42:22,2017-08-27 14:42:22
Rapid City,South Dakota,2017-08-27 14:42:22,2017-08-27 14:42:22
Layton,Utah,2017-08-27 14:42:22,2017-08-27 14:42:22
Lafayette,Indiana,2017-08-27 14:42:22,2017-08-27 14:42:22
Turlock,California,2017-08-27 14:42:22,2017-08-27 14:42:22
Muncie,Indiana,2017-08-27 14:42:22,2017-08-27 14:42:22
Temple,Texas,2017-08-27 14:42:22,2017-08-27 14:42:22
Missouri City,Texas,2017-08-27 14:42:22,2017-08-27 14:42:22
Redlands,California,2017-08-27 14:42:22,2017-08-27 14:42:22
Santa Fe,New Mexico,2017-08-27 14:42:22,2017-08-27 14:42:22
Lauderhill,Florida,2017-08-27 14:42:22,2017-08-27 14:42:22
Milpitas,California,2017-08-27 14:42:22,2017-08-27 14:42:22
Palatine,Illinois,2017-08-27 14:42:22,2017-08-27 14:42:22
Missoula,Montana,2017-08-27 14:42:22,2017-08-27 14:42:22
Rock Hill,South Carolina,2017-08-27 14:42:22,2017-08-27 14:42:22
Jacksonville,North Carolina,2017-08-27 14:42:22,2017-08-27 14:42:22
Franklin,Tennessee,2017-08-27 14:42:22,2017-08-27 14:42:22
Flagstaff,Arizona,2017-08-27 14:42:22,2017-08-27 14:42:22
Flower Mound,Texas,2017-08-27 14:42:22,2017-08-27 14:42:22
Weston,Florida,2017-08-27 14:42:22,2017-08-27 14:42:22
Waterloo,Iowa,2017-08-27 14:42:22,2017-08-27 14:42:22
Union City,New Jersey,2017-08-27 14:42:22,2017-08-27 14:42:22
Mount Vernon,New York,2017-08-27 14:42:22,2017-08-27 14:42:22
Fort Myers,Florida,2017-08-27 14:42:22,2017-08-27 14:42:22
Dothan,Alabama,2017-08-27 14:42:22,2017-08-27 14:42:22
Rancho Cordova,California,2017-08-27 14:42:22,2017-08-27 14:42:22
Redondo Beach,California,2017-08-27 14:42:22,2017-08-27 14:42:22
Jackson,Tennessee,2017-08-27 14:42:22,2017-08-27 14:42:22
Pasco,Washington,2017-08-27 14:42:22,2017-08-27 14:42:22
St. Charles,Missouri,2017-08-27 14:42:22,2017-08-27 14:42:22
Eau Claire,Wisconsin,2017-08-27 14:42:22,2017-08-27 14:42:22
North Richland Hills,Texas,2017-08-27 14:42:22,2017-08-27 14:42:22
Bismarck,North Dakota,2017-08-27 14:42:22,2017-08-27 14:42:22
Yorba Linda,California,2017-08-27 14:42:22,2017-08-27 14:42:22
Kenner,Louisiana,2017-08-27 14:42:22,2017-08-27 14:42:22
Walnut Creek,California,2017-08-27 14:42:22,2017-08-27 14:42:22
Frederick,Maryland,2017-08-27 14:42:22,2017-08-27 14:42:22
Oshkosh,Wisconsin,2017-08-27 14:42:22,2017-08-27 14:42:22
Pittsburg,California,2017-08-27 14:42:22,2017-08-27 14:42:22
Palo Alto,California,2017-08-27 14:42:22,2017-08-27 14:42:22
Bossier City,Louisiana,2017-08-27 14:42:22,2017-08-27 14:42:22
Portland,Maine,2017-08-27 14:42:22,2017-08-27 14:42:22
St. Cloud,Minnesota,2017-08-27 14:42:22,2017-08-27 14:42:22
Davis,California,2017-08-27 14:42:22,2017-08-27 14:42:22
South San Francisco,California,2017-08-27 14:42:22,2017-08-27 14:42:22
Camarillo,California,2017-08-27 14:42:22,2017-08-27 14:42:22
North Little Rock,Arkansas,2017-08-27 14:42:22,2017-08-27 14:42:22
Schenectady,New York,2017-08-27 14:42:22,2017-08-27 14:42:22
Gaithersburg,Maryland,2017-08-27 14:42:22,2017-08-27 14:42:22
Harlingen,Texas,2017-08-27 14:42:22,2017-08-27 14:42:22
Woodbury,Minnesota,2017-08-27 14:42:22,2017-08-27 14:42:22
Eagan,Minnesota,2017-08-27 14:42:22,2017-08-27 14:42:22
Yuba City,California,2017-08-27 14:42:22,2017-08-27 14:42:22
Maple Grove,Minnesota,2017-08-27 14:42:22,2017-08-27 14:42:22
Youngstown,Ohio,2017-08-27 14:42:22,2017-08-27 14:42:22
Skokie,Illinois,2017-08-27 14:42:22,2017-08-27 14:42:22
Kissimmee,Florida,2017-08-27 14:42:22,2017-08-27 14:42:22
Johnson City,Tennessee,2017-08-27 14:42:22,2017-08-27 14:42:22
Victoria,Texas,2017-08-27 14:42:22,2017-08-27 14:42:22
San Clemente,California,2017-08-27 14:42:22,2017-08-27 14:42:22
Bayonne,New Jersey,2017-08-27 14:42:22,2017-08-27 14:42:22
Laguna Niguel,California,2017-08-27 14:42:22,2017-08-27 14:42:22
East Orange,New Jersey,2017-08-27 14:42:22,2017-08-27 14:42:22
Shawnee,Kansas,2017-08-27 14:42:22,2017-08-27 14:42:22
Homestead,Florida,2017-08-27 14:42:22,2017-08-27 14:42:22
Rockville,Maryland,2017-08-27 14:42:22,2017-08-27 14:42:22
Delray Beach,Florida,2017-08-27 14:42:22,2017-08-27 14:42:22
Janesville,Wisconsin,2017-08-27 14:42:22,2017-08-27 14:42:22
Conway,Arkansas,2017-08-27 14:42:22,2017-08-27 14:42:22
Pico Rivera,California,2017-08-27 14:42:22,2017-08-27 14:42:22
Lorain,Ohio,2017-08-27 14:42:22,2017-08-27 14:42:22
Montebello,California,2017-08-27 14:42:22,2017-08-27 14:42:22
Lodi,California,2017-08-27 14:42:22,2017-08-27 14:42:22
New Braunfels,Texas,2017-08-27 14:42:22,2017-08-27 14:42:22
Marysville,Washington,2017-08-27 14:42:22,2017-08-27 14:42:22
Tamarac,Florida,2017-08-27 14:42:22,2017-08-27 14:42:22
Madera,California,2017-08-27 14:42:22,2017-08-27 14:42:22
Conroe,Texas,2017-08-27 14:42:22,2017-08-27 14:42:22
Santa Cruz,California,2017-08-27 14:42:22,2017-08-27 14:42:22
Eden Prairie,Minnesota,2017-08-27 14:42:22,2017-08-27 14:42:22
Cheyenne,Wyoming,2017-08-27 14:42:22,2017-08-27 14:42:22
Daytona Beach,Florida,2017-08-27 14:42:22,2017-08-27 14:42:22
Alpharetta,Georgia,2017-08-27 14:42:22,2017-08-27 14:42:22
Hamilton,Ohio,2017-08-27 14:42:22,2017-08-27 14:42:22
Waltham,Massachusetts,2017-08-27 14:42:22,2017-08-27 14:42:22
Coon Rapids,Minnesota,2017-08-27 14:42:22,2017-08-27 14:42:22
Haverhill,Massachusetts,2017-08-27 14:42:22,2017-08-27 14:42:22
Council Bluffs,Iowa,2017-08-27 14:42:22,2017-08-27 14:42:22
Taylor,Michigan,2017-08-27 14:42:22,2017-08-27 14:42:22
Utica,New York,2017-08-27 14:42:22,2017-08-27 14:42:22
Ames,Iowa,2017-08-27 14:42:22,2017-08-27 14:42:22
La Habra,California,2017-08-27 14:42:22,2017-08-27 14:42:22
Encinitas,California,2017-08-27 14:42:22,2017-08-27 14:42:22
Bowling Green,Kentucky,2017-08-27 14:42:22,2017-08-27 14:42:22
Burnsville,Minnesota,2017-08-27 14:42:22,2017-08-27 14:42:22
Greenville,South Carolina,2017-08-27 14:42:22,2017-08-27 14:42:22
West Des Moines,Iowa,2017-08-27 14:42:22,2017-08-27 14:42:22
Cedar Park,Texas,2017-08-27 14:42:22,2017-08-27 14:42:22
Tulare,California,2017-08-27 14:42:22,2017-08-27 14:42:22
Monterey Park,California,2017-08-27 14:42:22,2017-08-27 14:42:22
Vineland,New Jersey,2017-08-27 14:42:22,2017-08-27 14:42:22
Terre Haute,Indiana,2017-08-27 14:42:22,2017-08-27 14:42:22
North Miami,Florida,2017-08-27 14:42:22,2017-08-27 14:42:22
Mansfield,Texas,2017-08-27 14:42:22,2017-08-27 14:42:22
West Allis,Wisconsin,2017-08-27 14:42:22,2017-08-27 14:42:22
Bristol,Connecticut,2017-08-27 14:42:22,2017-08-27 14:42:22
Taylorsville,Utah,2017-08-27 14:42:22,2017-08-27 14:42:22
Malden,Massachusetts,2017-08-27 14:42:22,2017-08-27 14:42:22
Meriden,Connecticut,2017-08-27 14:42:22,2017-08-27 14:42:22
Blaine,Minnesota,2017-08-27 14:42:22,2017-08-27 14:42:22
Wellington,Florida,2017-08-27 14:42:22,2017-08-27 14:42:22
Cupertino,California,2017-08-27 14:42:22,2017-08-27 14:42:22
Springfield,Oregon,2017-08-27 14:42:22,2017-08-27 14:42:22
Rogers,Arkansas,2017-08-27 14:42:22,2017-08-27 14:42:22
St. Clair Shores,Michigan,2017-08-27 14:42:22,2017-08-27 14:42:22
Gardena,California,2017-08-27 14:42:22,2017-08-27 14:42:22
Pontiac,Michigan,2017-08-27 14:42:22,2017-08-27 14:42:22
National City,California,2017-08-27 14:42:22,2017-08-27 14:42:22
Grand Junction,Colorado,2017-08-27 14:42:22,2017-08-27 14:42:22
Rocklin,California,2017-08-27 14:42:22,2017-08-27 14:42:22
Chapel Hill,North Carolina,2017-08-27 14:42:22,2017-08-27 14:42:22
Casper,Wyoming,2017-08-27 14:42:22,2017-08-27 14:42:22
Broomfield,Colorado,2017-08-27 14:42:22,2017-08-27 14:42:22
Petaluma,California,2017-08-27 14:42:22,2017-08-27 14:42:22
South Jordan,Utah,2017-08-27 14:42:22,2017-08-27 14:42:22
Springfield,Ohio,2017-08-27 14:42:22,2017-08-27 14:42:22
Great Falls,Montana,2017-08-27 14:42:22,2017-08-27 14:42:22
Lancaster,Pennsylvania,2017-08-27 14:42:22,2017-08-27 14:42:22
North Port,Florida,2017-08-27 14:42:22,2017-08-27 14:42:22
Lakewood,Washington,2017-08-27 14:42:22,2017-08-27 14:42:22
Marietta,Georgia,2017-08-27 14:42:22,2017-08-27 14:42:22
San Rafael,California,2017-08-27 14:42:22,2017-08-27 14:42:22
Royal Oak,Michigan,2017-08-27 14:42:22,2017-08-27 14:42:22
Des Plaines,Illinois,2017-08-27 14:42:22,2017-08-27 14:42:22
Huntington Park,California,2017-08-27 14:42:22,2017-08-27 14:42:22
La Mesa,California,2017-08-27 14:42:22,2017-08-27 14:42:22
Orland Park,Illinois,2017-08-27 14:42:22,2017-08-27 14:42:22
Auburn,Alabama,2017-08-27 14:42:22,2017-08-27 14:42:22
Lakeville,Minnesota,2017-08-27 14:42:22,2017-08-27 14:42:22
Owensboro,Kentucky,2017-08-27 14:42:22,2017-08-27 14:42:22
Moore,Oklahoma,2017-08-27 14:42:22,2017-08-27 14:42:22
Jupiter,Florida,2017-08-27 14:42:22,2017-08-27 14:42:22
Idaho Falls,Idaho,2017-08-27 14:42:22,2017-08-27 14:42:22
Dubuque,Iowa,2017-08-27 14:42:22,2017-08-27 14:42:22
Bartlett,Tennessee,2017-08-27 14:42:22,2017-08-27 14:42:22
Rowlett,Texas,2017-08-27 14:42:22,2017-08-27 14:42:22
Novi,Michigan,2017-08-27 14:42:22,2017-08-27 14:42:22
White Plains,New York,2017-08-27 14:42:22,2017-08-27 14:42:22
Arcadia,California,2017-08-27 14:42:22,2017-08-27 14:42:22
Redmond,Washington,2017-08-27 14:42:22,2017-08-27 14:42:22
Lake Elsinore,California,2017-08-27 14:42:22,2017-08-27 14:42:22
Ocala,Florida,2017-08-27 14:42:22,2017-08-27 14:42:22
Tinley Park,Illinois,2017-08-27 14:42:22,2017-08-27 14:42:22
Port Orange,Florida,2017-08-27 14:42:22,2017-08-27 14:42:22
Medford,Massachusetts,2017-08-27 14:42:22,2017-08-27 14:42:22
Oak Lawn,Illinois,2017-08-27 14:42:22,2017-08-27 14:42:22
Rocky Mount,North Carolina,2017-08-27 14:42:22,2017-08-27 14:42:22
Kokomo,Indiana,2017-08-27 14:42:22,2017-08-27 14:42:22
Coconut Creek,Florida,2017-08-27 14:42:22,2017-08-27 14:42:22
Bowie,Maryland,2017-08-27 14:42:22,2017-08-27 14:42:22
Berwyn,Illinois,2017-08-27 14:42:22,2017-08-27 14:42:22
Midwest City,Oklahoma,2017-08-27 14:42:22,2017-08-27 14:42:22
Fountain Valley,California,2017-08-27 14:42:22,2017-08-27 14:42:22
Buckeye,Arizona,2017-08-27 14:42:22,2017-08-27 14:42:22
Dearborn Heights,Michigan,2017-08-27 14:42:22,2017-08-27 14:42:22
Woodland,California,2017-08-27 14:42:22,2017-08-27 14:42:22
Noblesville,Indiana,2017-08-27 14:42:22,2017-08-27 14:42:22
Valdosta,Georgia,2017-08-27 14:42:22,2017-08-27 14:42:22
Diamond Bar,California,2017-08-27 14:42:22,2017-08-27 14:42:22
Manhattan,Kansas,2017-08-27 14:42:22,2017-08-27 14:42:22
Santee,California,2017-08-27 14:42:22,2017-08-27 14:42:22
Taunton,Massachusetts,2017-08-27 14:42:22,2017-08-27 14:42:22
Sanford,Florida,2017-08-27 14:42:22,2017-08-27 14:42:22
Kettering,Ohio,2017-08-27 14:42:22,2017-08-27 14:42:22
New Brunswick,New Jersey,2017-08-27 14:42:22,2017-08-27 14:42:22
Decatur,Alabama,2017-08-27 14:42:22,2017-08-27 14:42:22
Chicopee,Massachusetts,2017-08-27 14:42:22,2017-08-27 14:42:22
Anderson,Indiana,2017-08-27 14:42:22,2017-08-27 14:42:22
Margate,Florida,2017-08-27 14:42:22,2017-08-27 14:42:22
Weymouth Town,Massachusetts,2017-08-27 14:42:22,2017-08-27 14:42:22
Hempstead,New York,2017-08-27 14:42:22,2017-08-27 14:42:22
Corvallis,Oregon,2017-08-27 14:42:22,2017-08-27 14:42:22
Eastvale,California,2017-08-27 14:42:22,2017-08-27 14:42:22
Porterville,California,2017-08-27 14:42:22,2017-08-27 14:42:22
West Haven,Connecticut,2017-08-27 14:42:22,2017-08-27 14:42:22
Brentwood,California,2017-08-27 14:42:22,2017-08-27 14:42:22
Paramount,California,2017-08-27 14:42:22,2017-08-27 14:42:22
Grand Forks,North Dakota,2017-08-27 14:42:22,2017-08-27 14:42:22
Georgetown,Texas,2017-08-27 14:42:22,2017-08-27 14:42:22
St. Peters,Missouri,2017-08-27 14:42:22,2017-08-27 14:42:22
Shoreline,Washington,2017-08-27 14:42:22,2017-08-27 14:42:22
Mount Prospect,Illinois,2017-08-27 14:42:22,2017-08-27 14:42:22
Hanford,California,2017-08-27 14:42:22,2017-08-27 14:42:22
Normal,Illinois,2017-08-27 14:42:22,2017-08-27 14:42:22
Rosemead,California,2017-08-27 14:42:22,2017-08-27 14:42:22
Lehi,Utah,2017-08-27 14:42:22,2017-08-27 14:42:22
Pocatello,Idaho,2017-08-27 14:42:22,2017-08-27 14:42:22
Highland,California,2017-08-27 14:42:22,2017-08-27 14:42:22
Novato,California,2017-08-27 14:42:22,2017-08-27 14:42:22
Port Arthur,Texas,2017-08-27 14:42:22,2017-08-27 14:42:22
Carson City,Nevada,2017-08-27 14:42:22,2017-08-27 14:42:22
San Marcos,Texas,2017-08-27 14:42:22,2017-08-27 14:42:22
Hendersonville,Tennessee,2017-08-27 14:42:22,2017-08-27 14:42:22
Elyria,Ohio,2017-08-27 14:42:22,2017-08-27 14:42:22
Revere,Massachusetts,2017-08-27 14:42:22,2017-08-27 14:42:22
Pflugerville,Texas,2017-08-27 14:42:22,2017-08-27 14:42:22
Greenwood,Indiana,2017-08-27 14:42:22,2017-08-27 14:42:22
Bellevue,Nebraska,2017-08-27 14:42:22,2017-08-27 14:42:22
Wheaton,Illinois,2017-08-27 14:42:22,2017-08-27 14:42:22
Smyrna,Georgia,2017-08-27 14:42:22,2017-08-27 14:42:22
Sarasota,Florida,2017-08-27 14:42:22,2017-08-27 14:42:22
Blue Springs,Missouri,2017-08-27 14:42:22,2017-08-27 14:42:22
Colton,California,2017-08-27 14:42:22,2017-08-27 14:42:22
Euless,Texas,2017-08-27 14:42:22,2017-08-27 14:42:22
Castle Rock,Colorado,2017-08-27 14:42:22,2017-08-27 14:42:22
Cathedral City,California,2017-08-27 14:42:22,2017-08-27 14:42:22
Kingsport,Tennessee,2017-08-27 14:42:22,2017-08-27 14:42:22
Lake Havasu City,Arizona,2017-08-27 14:42:22,2017-08-27 14:42:22
Pensacola,Florida,2017-08-27 14:42:22,2017-08-27 14:42:22
Hoboken,New Jersey,2017-08-27 14:42:22,2017-08-27 14:42:22
Yucaipa,California,2017-08-27 14:42:22,2017-08-27 14:42:22
Watsonville,California,2017-08-27 14:42:22,2017-08-27 14:42:22
Richland,Washington,2017-08-27 14:42:22,2017-08-27 14:42:22
Delano,California,2017-08-27 14:42:22,2017-08-27 14:42:22
Hoffman Estates,Illinois,2017-08-27 14:42:22,2017-08-27 14:42:22
Florissant,Missouri,2017-08-27 14:42:22,2017-08-27 14:42:22
Placentia,California,2017-08-27 14:42:22,2017-08-27 14:42:22
West New York,New Jersey,2017-08-27 14:42:22,2017-08-27 14:42:22
Dublin,California,2017-08-27 14:42:22,2017-08-27 14:42:22
Oak Park,Illinois,2017-08-27 14:42:22,2017-08-27 14:42:22
Peabody,Massachusetts,2017-08-27 14:42:22,2017-08-27 14:42:22
Perth Amboy,New Jersey,2017-08-27 14:42:22,2017-08-27 14:42:22
Battle Creek,Michigan,2017-08-27 14:42:22,2017-08-27 14:42:22
Bradenton,Florida,2017-08-27 14:42:22,2017-08-27 14:42:22
Gilroy,California,2017-08-27 14:42:22,2017-08-27 14:42:22
Milford,Connecticut,2017-08-27 14:42:22,2017-08-27 14:42:22
Albany,Oregon,2017-08-27 14:42:22,2017-08-27 14:42:22
Ankeny,Iowa,2017-08-27 14:42:22,2017-08-27 14:42:22
La Crosse,Wisconsin,2017-08-27 14:42:22,2017-08-27 14:42:22
Burlington,North Carolina,2017-08-27 14:42:22,2017-08-27 14:42:22
DeSoto,Texas,2017-08-27 14:42:22,2017-08-27 14:42:22
Harrisonburg,Virginia,2017-08-27 14:42:22,2017-08-27 14:42:22
Minnetonka,Minnesota,2017-08-27 14:42:22,2017-08-27 14:42:22
Elkhart,Indiana,2017-08-27 14:42:22,2017-08-27 14:42:22
Lakewood,Ohio,2017-08-27 14:42:22,2017-08-27 14:42:22
Glendora,California,2017-08-27 14:42:22,2017-08-27 14:42:22
Southaven,Mississippi,2017-08-27 14:42:22,2017-08-27 14:42:22
Charleston,West Virginia,2017-08-27 14:42:22,2017-08-27 14:42:22
Joplin,Missouri,2017-08-27 14:42:22,2017-08-27 14:42:22
Enid,Oklahoma,2017-08-27 14:42:22,2017-08-27 14:42:22
Palm Beach Gardens,Florida,2017-08-27 14:42:22,2017-08-27 14:42:22
Brookhaven,Georgia,2017-08-27 14:42:22,2017-08-27 14:42:22
Plainfield,New Jersey,2017-08-27 14:42:22,2017-08-27 14:42:22
Grand Island,Nebraska,2017-08-27 14:42:22,2017-08-27 14:42:22
Palm Desert,California,2017-08-27 14:42:22,2017-08-27 14:42:22
Huntersville,North Carolina,2017-08-27 14:42:22,2017-08-27 14:42:22
Tigard,Oregon,2017-08-27 14:42:22,2017-08-27 14:42:22
Lenexa,Kansas,2017-08-27 14:42:22,2017-08-27 14:42:22
Saginaw,Michigan,2017-08-27 14:42:22,2017-08-27 14:42:22
Kentwood,Michigan,2017-08-27 14:42:22,2017-08-27 14:42:22
Doral,Florida,2017-08-27 14:42:22,2017-08-27 14:42:22
Apple Valley,Minnesota,2017-08-27 14:42:22,2017-08-27 14:42:22
Grapevine,Texas,2017-08-27 14:42:22,2017-08-27 14:42:22
Aliso Viejo,California,2017-08-27 14:42:22,2017-08-27 14:42:22
Sammamish,Washington,2017-08-27 14:42:22,2017-08-27 14:42:22
Casa Grande,Arizona,2017-08-27 14:42:22,2017-08-27 14:42:22
Pinellas Park,Florida,2017-08-27 14:42:22,2017-08-27 14:42:22
Troy,New York,2017-08-27 14:42:22,2017-08-27 14:42:22
West Sacramento,California,2017-08-27 14:42:22,2017-08-27 14:42:22
Burien,Washington,2017-08-27 14:42:22,2017-08-27 14:42:22
Commerce City,Colorado,2017-08-27 14:42:22,2017-08-27 14:42:22
Monroe,Louisiana,2017-08-27 14:42:22,2017-08-27 14:42:22
Cerritos,California,2017-08-27 14:42:22,2017-08-27 14:42:22
Downers Grove,Illinois,2017-08-27 14:42:22,2017-08-27 14:42:22
Coral Gables,Florida,2017-08-27 14:42:22,2017-08-27 14:42:22
Wilson,North Carolina,2017-08-27 14:42:22,2017-08-27 14:42:22
Niagara Falls,New York,2017-08-27 14:42:22,2017-08-27 14:42:22
Poway,California,2017-08-27 14:42:22,2017-08-27 14:42:22
Edina,Minnesota,2017-08-27 14:42:22,2017-08-27 14:42:22
Cuyahoga Falls,Ohio,2017-08-27 14:42:22,2017-08-27 14:42:22
Rancho Santa Margarita,California,2017-08-27 14:42:22,2017-08-27 14:42:22
Harrisburg,Pennsylvania,2017-08-27 14:42:22,2017-08-27 14:42:22
Huntington,West Virginia,2017-08-27 14:42:22,2017-08-27 14:42:22
La Mirada,California,2017-08-27 14:42:22,2017-08-27 14:42:22
Cypress,California,2017-08-27 14:42:22,2017-08-27 14:42:22
Caldwell,Idaho,2017-08-27 14:42:22,2017-08-27 14:42:22
Logan,Utah,2017-08-27 14:42:22,2017-08-27 14:42:22
Galveston,Texas,2017-08-27 14:42:22,2017-08-27 14:42:22
Sheboygan,Wisconsin,2017-08-27 14:42:22,2017-08-27 14:42:22
Middletown,Ohio,2017-08-27 14:42:22,2017-08-27 14:42:22
Murray,Utah,2017-08-27 14:42:22,2017-08-27 14:42:22
Roswell,New Mexico,2017-08-27 14:42:22,2017-08-27 14:42:22
Parker,Colorado,2017-08-27 14:42:22,2017-08-27 14:42:22
Bedford,Texas,2017-08-27 14:42:22,2017-08-27 14:42:22
East Lansing,Michigan,2017-08-27 14:42:22,2017-08-27 14:42:22
Methuen,Massachusetts,2017-08-27 14:42:22,2017-08-27 14:42:22
Covina,California,2017-08-27 14:42:22,2017-08-27 14:42:22
Alexandria,Louisiana,2017-08-27 14:42:22,2017-08-27 14:42:22
Olympia,Washington,2017-08-27 14:42:22,2017-08-27 14:42:22
Euclid,Ohio,2017-08-27 14:42:22,2017-08-27 14:42:22
Mishawaka,Indiana,2017-08-27 14:42:22,2017-08-27 14:42:22
Salina,Kansas,2017-08-27 14:42:22,2017-08-27 14:42:22
Azusa,California,2017-08-27 14:42:22,2017-08-27 14:42:22
Newark,Ohio,2017-08-27 14:42:22,2017-08-27 14:42:22
Chesterfield,Missouri,2017-08-27 14:42:22,2017-08-27 14:42:22
Leesburg,Virginia,2017-08-27 14:42:22,2017-08-27 14:42:22
Dunwoody,Georgia,2017-08-27 14:42:22,2017-08-27 14:42:22
Hattiesburg,Mississippi,2017-08-27 14:42:22,2017-08-27 14:42:22
Roseville,Michigan,2017-08-27 14:42:22,2017-08-27 14:42:22
Bonita Springs,Florida,2017-08-27 14:42:22,2017-08-27 14:42:22
Portage,Michigan,2017-08-27 14:42:22,2017-08-27 14:42:22
St. Louis Park,Minnesota,2017-08-27 14:42:22,2017-08-27 14:42:22
Collierville,Tennessee,2017-08-27 14:42:22,2017-08-27 14:42:22
Middletown,Connecticut,2017-08-27 14:42:22,2017-08-27 14:42:22
Stillwater,Oklahoma,2017-08-27 14:42:22,2017-08-27 14:42:22
East Providence,Rhode Island,2017-08-27 14:42:22,2017-08-27 14:42:22
Lawrence,Indiana,2017-08-27 14:42:22,2017-08-27 14:42:22
Wauwatosa,Wisconsin,2017-08-27 14:42:22,2017-08-27 14:42:22
Mentor,Ohio,2017-08-27 14:42:22,2017-08-27 14:42:22
Ceres,California,2017-08-27 14:42:22,2017-08-27 14:42:22
Cedar Hill,Texas,2017-08-27 14:42:22,2017-08-27 14:42:22
Mansfield,Ohio,2017-08-27 14:42:22,2017-08-27 14:42:22
Binghamton,New York,2017-08-27 14:42:22,2017-08-27 14:42:22
Coeur d'Alene,Idaho,2017-08-27 14:42:22,2017-08-27 14:42:22
San Luis Obispo,California,2017-08-27 14:42:22,2017-08-27 14:42:22
Minot,North Dakota,2017-08-27 14:42:22,2017-08-27 14:42:22
Palm Springs,California,2017-08-27 14:42:22,2017-08-27 14:42:22
Pine Bluff,Arkansas,2017-08-27 14:42:22,2017-08-27 14:42:22
Texas City,Texas,2017-08-27 14:42:22,2017-08-27 14:42:22
Summerville,South Carolina,2017-08-27 14:42:22,2017-08-27 14:42:22
Twin Falls,Idaho,2017-08-27 14:42:22,2017-08-27 14:42:22
Jeffersonville,Indiana,2017-08-27 14:42:22,2017-08-27 14:42:22
San Jacinto,California,2017-08-27 14:42:22,2017-08-27 14:42:22
Madison,Alabama,2017-08-27 14:42:22,2017-08-27 14:42:22
Altoona,Pennsylvania,2017-08-27 14:42:22,2017-08-27 14:42:22
Columbus,Indiana,2017-08-27 14:42:22,2017-08-27 14:42:22
Beavercreek,Ohio,2017-08-27 14:42:22,2017-08-27 14:42:22
Apopka,Florida,2017-08-27 14:42:22,2017-08-27 14:42:22
Elmhurst,Illinois,2017-08-27 14:42:22,2017-08-27 14:42:22
Maricopa,Arizona,2017-08-27 14:42:22,2017-08-27 14:42:22
Farmington,New Mexico,2017-08-27 14:42:22,2017-08-27 14:42:22
Glenview,Illinois,2017-08-27 14:42:22,2017-08-27 14:42:22
Cleveland Heights,Ohio,2017-08-27 14:42:22,2017-08-27 14:42:22
Draper,Utah,2017-08-27 14:42:22,2017-08-27 14:42:22
Lincoln,California,2017-08-27 14:42:22,2017-08-27 14:42:22
Sierra Vista,Arizona,2017-08-27 14:42:22,2017-08-27 14:42:22
Lacey,Washington,2017-08-27 14:42:22,2017-08-27 14:42:22
Biloxi,Mississippi,2017-08-27 14:42:22,2017-08-27 14:42:22
Strongsville,Ohio,2017-08-27 14:42:22,2017-08-27 14:42:22
Barnstable Town,Massachusetts,2017-08-27 14:42:22,2017-08-27 14:42:22
Wylie,Texas,2017-08-27 14:42:22,2017-08-27 14:42:22
Sayreville,New Jersey,2017-08-27 14:42:22,2017-08-27 14:42:22
Kannapolis,North Carolina,2017-08-27 14:42:22,2017-08-27 14:42:22
Charlottesville,Virginia,2017-08-27 14:42:22,2017-08-27 14:42:22
Littleton,Colorado,2017-08-27 14:42:22,2017-08-27 14:42:22
Titusville,Florida,2017-08-27 14:42:22,2017-08-27 14:42:22
Hackensack,New Jersey,2017-08-27 14:42:22,2017-08-27 14:42:22
Newark,California,2017-08-27 14:42:22,2017-08-27 14:42:22
Pittsfield,Massachusetts,2017-08-27 14:42:22,2017-08-27 14:42:22
York,Pennsylvania,2017-08-27 14:42:22,2017-08-27 14:42:22
Lombard,Illinois,2017-08-27 14:42:22,2017-08-27 14:42:22
Attleboro,Massachusetts,2017-08-27 14:42:22,2017-08-27 14:42:22
DeKalb,Illinois,2017-08-27 14:42:22,2017-08-27 14:42:22
Blacksburg,Virginia,2017-08-27 14:42:22,2017-08-27 14:42:22
Dublin,Ohio,2017-08-27 14:42:22,2017-08-27 14:42:22
Haltom City,Texas,2017-08-27 14:42:22,2017-08-27 14:42:22
Lompoc,California,2017-08-27 14:42:22,2017-08-27 14:42:22
El Centro,California,2017-08-27 14:42:22,2017-08-27 14:42:22
Danville,California,2017-08-27 14:42:22,2017-08-27 14:42:22
Jefferson City,Missouri,2017-08-27 14:42:22,2017-08-27 14:42:22
Cutler Bay,Florida,2017-08-27 14:42:22,2017-08-27 14:42:22
Oakland Park,Florida,2017-08-27 14:42:22,2017-08-27 14:42:22
North Miami Beach,Florida,2017-08-27 14:42:22,2017-08-27 14:42:22
Freeport,New York,2017-08-27 14:42:22,2017-08-27 14:42:22
Moline,Illinois,2017-08-27 14:42:22,2017-08-27 14:42:22
Coachella,California,2017-08-27 14:42:22,2017-08-27 14:42:22
Fort Pierce,Florida,2017-08-27 14:42:22,2017-08-27 14:42:22
Smyrna,Tennessee,2017-08-27 14:42:22,2017-08-27 14:42:22
Bountiful,Utah,2017-08-27 14:42:22,2017-08-27 14:42:22
Fond du Lac,Wisconsin,2017-08-27 14:42:22,2017-08-27 14:42:22
Everett,Massachusetts,2017-08-27 14:42:22,2017-08-27 14:42:22
Danville,Virginia,2017-08-27 14:42:22,2017-08-27 14:42:22
Keller,Texas,2017-08-27 14:42:22,2017-08-27 14:42:22
Belleville,Illinois,2017-08-27 14:42:22,2017-08-27 14:42:22
Bell Gardens,California,2017-08-27 14:42:22,2017-08-27 14:42:22
Cleveland,Tennessee,2017-08-27 14:42:22,2017-08-27 14:42:22
North Lauderdale,Florida,2017-08-27 14:42:22,2017-08-27 14:42:22
Fairfield,Ohio,2017-08-27 14:42:22,2017-08-27 14:42:22
Salem,Massachusetts,2017-08-27 14:42:22,2017-08-27 14:42:22
Rancho Palos Verdes,California,2017-08-27 14:42:22,2017-08-27 14:42:22
San Bruno,California,2017-08-27 14:42:22,2017-08-27 14:42:22
Concord,New Hampshire,2017-08-27 14:42:22,2017-08-27 14:42:22
Burlington,Vermont,2017-08-27 14:42:22,2017-08-27 14:42:22
Apex,North Carolina,2017-08-27 14:42:22,2017-08-27 14:42:22
Midland,Michigan,2017-08-27 14:42:22,2017-08-27 14:42:22
Altamonte Springs,Florida,2017-08-27 14:42:22,2017-08-27 14:42:22
Hutchinson,Kansas,2017-08-27 14:42:22,2017-08-27 14:42:22
Buffalo Grove,Illinois,2017-08-27 14:42:22,2017-08-27 14:42:22
Urbandale,Iowa,2017-08-27 14:42:22,2017-08-27 14:42:22
State College,Pennsylvania,2017-08-27 14:42:22,2017-08-27 14:42:22
Urbana,Illinois,2017-08-27 14:42:22,2017-08-27 14:42:22
Plainfield,Illinois,2017-08-27 14:42:22,2017-08-27 14:42:22
Manassas,Virginia,2017-08-27 14:42:22,2017-08-27 14:42:22
Bartlett,Illinois,2017-08-27 14:42:22,2017-08-27 14:42:22
Kearny,New Jersey,2017-08-27 14:42:22,2017-08-27 14:42:22
Oro Valley,Arizona,2017-08-27 14:42:22,2017-08-27 14:42:22
Findlay,Ohio,2017-08-27 14:42:22,2017-08-27 14:42:22
Rohnert Park,California,2017-08-27 14:42:22,2017-08-27 14:42:22
Westfield,Massachusetts,2017-08-27 14:42:22,2017-08-27 14:42:22
Linden,New Jersey,2017-08-27 14:42:22,2017-08-27 14:42:22
Sumter,South Carolina,2017-08-27 14:42:22,2017-08-27 14:42:22
Wilkes-Barre,Pennsylvania,2017-08-27 14:42:22,2017-08-27 14:42:22
Woonsocket,Rhode Island,2017-08-27 14:42:22,2017-08-27 14:42:22
Leominster,Massachusetts,2017-08-27 14:42:22,2017-08-27 14:42:22
Shelton,Connecticut,2017-08-27 14:42:22,2017-08-27 14:42:22
Brea,California,2017-08-27 14:42:22,2017-08-27 14:42:22
Covington,Kentucky,2017-08-27 14:42:22,2017-08-27 14:42:22
Rockwall,Texas,2017-08-27 14:42:22,2017-08-27 14:42:22
Meridian,Mississippi,2017-08-27 14:42:22,2017-08-27 14:42:22
Riverton,Utah,2017-08-27 14:42:22,2017-08-27 14:42:22
St. Cloud,Florida,2017-08-27 14:42:22,2017-08-27 14:42:22
Quincy,Illinois,2017-08-27 14:42:22,2017-08-27 14:42:22
Morgan Hill,California,2017-08-27 14:42:22,2017-08-27 14:42:22
Warren,Ohio,2017-08-27 14:42:22,2017-08-27 14:42:22
Edmonds,Washington,2017-08-27 14:42:22,2017-08-27 14:42:22
Burleson,Texas,2017-08-27 14:42:22,2017-08-27 14:42:22
Beverly,Massachusetts,2017-08-27 14:42:22,2017-08-27 14:42:22
Mankato,Minnesota,2017-08-27 14:42:22,2017-08-27 14:42:22
Hagerstown,Maryland,2017-08-27 14:42:22,2017-08-27 14:42:22
Prescott,Arizona,2017-08-27 14:42:22,2017-08-27 14:42:22
Campbell,California,2017-08-27 14:42:22,2017-08-27 14:42:22
Cedar Falls,Iowa,2017-08-27 14:42:22,2017-08-27 14:42:22
Beaumont,California,2017-08-27 14:42:22,2017-08-27 14:42:22
La Puente,California,2017-08-27 14:42:22,2017-08-27 14:42:22
Crystal Lake,Illinois,2017-08-27 14:42:22,2017-08-27 14:42:22
Fitchburg,Massachusetts,2017-08-27 14:42:22,2017-08-27 14:42:22
Carol Stream,Illinois,2017-08-27 14:42:22,2017-08-27 14:42:22
Hickory,North Carolina,2017-08-27 14:42:22,2017-08-27 14:42:22
Streamwood,Illinois,2017-08-27 14:42:22,2017-08-27 14:42:22
Norwich,Connecticut,2017-08-27 14:42:22,2017-08-27 14:42:22
Coppell,Texas,2017-08-27 14:42:22,2017-08-27 14:42:22
San Gabriel,California,2017-08-27 14:42:22,2017-08-27 14:42:22
Holyoke,Massachusetts,2017-08-27 14:42:22,2017-08-27 14:42:22
Bentonville,Arkansas,2017-08-27 14:42:22,2017-08-27 14:42:22
Florence,Alabama,2017-08-27 14:42:22,2017-08-27 14:42:22
Peachtree Corners,Georgia,2017-08-27 14:42:22,2017-08-27 14:42:22
Brentwood,Tennessee,2017-08-27 14:42:22,2017-08-27 14:42:22
Bozeman,Montana,2017-08-27 14:42:22,2017-08-27 14:42:22
New Berlin,Wisconsin,2017-08-27 14:42:22,2017-08-27 14:42:22
Goose Creek,South Carolina,2017-08-27 14:42:22,2017-08-27 14:42:22
Huntsville,Texas,2017-08-27 14:42:22,2017-08-27 14:42:22
Prescott Valley,Arizona,2017-08-27 14:42:22,2017-08-27 14:42:22
Maplewood,Minnesota,2017-08-27 14:42:22,2017-08-27 14:42:22
Romeoville,Illinois,2017-08-27 14:42:22,2017-08-27 14:42:22
Duncanville,Texas,2017-08-27 14:42:22,2017-08-27 14:42:22
Atlantic City,New Jersey,2017-08-27 14:42:22,2017-08-27 14:42:22
Clovis,New Mexico,2017-08-27 14:42:22,2017-08-27 14:42:22
The Colony,Texas,2017-08-27 14:42:22,2017-08-27 14:42:22
Culver City,California,2017-08-27 14:42:22,2017-08-27 14:42:22
Marlborough,Massachusetts,2017-08-27 14:42:22,2017-08-27 14:42:22
Hilton Head Island,South Carolina,2017-08-27 14:42:22,2017-08-27 14:42:22
Moorhead,Minnesota,2017-08-27 14:42:22,2017-08-27 14:42:22
Calexico,California,2017-08-27 14:42:22,2017-08-27 14:42:22
Bullhead City,Arizona,2017-08-27 14:42:22,2017-08-27 14:42:22
Germantown,Tennessee,2017-08-27 14:42:22,2017-08-27 14:42:22
La Quinta,California,2017-08-27 14:42:22,2017-08-27 14:42:22
Lancaster,Ohio,2017-08-27 14:42:22,2017-08-27 14:42:22
Wausau,Wisconsin,2017-08-27 14:42:22,2017-08-27 14:42:22
Sherman,Texas,2017-08-27 14:42:22,2017-08-27 14:42:22
Ocoee,Florida,2017-08-27 14:42:22,2017-08-27 14:42:22
Shakopee,Minnesota,2017-08-27 14:42:22,2017-08-27 14:42:22
Woburn,Massachusetts,2017-08-27 14:42:22,2017-08-27 14:42:22
Bremerton,Washington,2017-08-27 14:42:22,2017-08-27 14:42:22
Rock Island,Illinois,2017-08-27 14:42:22,2017-08-27 14:42:22
Muskogee,Oklahoma,2017-08-27 14:42:22,2017-08-27 14:42:22
Cape Girardeau,Missouri,2017-08-27 14:42:22,2017-08-27 14:42:22
Annapolis,Maryland,2017-08-27 14:42:22,2017-08-27 14:42:22
Greenacres,Florida,2017-08-27 14:42:22,2017-08-27 14:42:22
Ormond Beach,Florida,2017-08-27 14:42:22,2017-08-27 14:42:22
Hallandale Beach,Florida,2017-08-27 14:42:22,2017-08-27 14:42:22
Stanton,California,2017-08-27 14:42:22,2017-08-27 14:42:22
Puyallup,Washington,2017-08-27 14:42:22,2017-08-27 14:42:22
Pacifica,California,2017-08-27 14:42:22,2017-08-27 14:42:22
Hanover Park,Illinois,2017-08-27 14:42:22,2017-08-27 14:42:22
Hurst,Texas,2017-08-27 14:42:22,2017-08-27 14:42:22
Lima,Ohio,2017-08-27 14:42:22,2017-08-27 14:42:22
Marana,Arizona,2017-08-27 14:42:22,2017-08-27 14:42:22
Carpentersville,Illinois,2017-08-27 14:42:22,2017-08-27 14:42:22
Oakley,California,2017-08-27 14:42:22,2017-08-27 14:42:22
Huber Heights,Ohio,2017-08-27 14:42:22,2017-08-27 14:42:22
Lancaster,Texas,2017-08-27 14:42:22,2017-08-27 14:42:22
Montclair,California,2017-08-27 14:42:22,2017-08-27 14:42:22
Wheeling,Illinois,2017-08-27 14:42:22,2017-08-27 14:42:22
Brookfield,Wisconsin,2017-08-27 14:42:22,2017-08-27 14:42:22
Park Ridge,Illinois,2017-08-27 14:42:22,2017-08-27 14:42:22
Florence,South Carolina,2017-08-27 14:42:22,2017-08-27 14:42:22
Roy,Utah,2017-08-27 14:42:22,2017-08-27 14:42:22
Winter Garden,Florida,2017-08-27 14:42:22,2017-08-27 14:42:22
Chelsea,Massachusetts,2017-08-27 14:42:22,2017-08-27 14:42:22
Valley Stream,New York,2017-08-27 14:42:22,2017-08-27 14:42:22
Spartanburg,South Carolina,2017-08-27 14:42:22,2017-08-27 14:42:22
Lake Oswego,Oregon,2017-08-27 14:42:22,2017-08-27 14:42:22
Friendswood,Texas,2017-08-27 14:42:22,2017-08-27 14:42:22
Westerville,Ohio,2017-08-27 14:42:22,2017-08-27 14:42:22
Northglenn,Colorado,2017-08-27 14:42:22,2017-08-27 14:42:22
Phenix City,Alabama,2017-08-27 14:42:22,2017-08-27 14:42:22
Grove City,Ohio,2017-08-27 14:42:22,2017-08-27 14:42:22
Texarkana,Texas,2017-08-27 14:42:22,2017-08-27 14:42:22
Addison,Illinois,2017-08-27 14:42:22,2017-08-27 14:42:22
Dover,Delaware,2017-08-27 14:42:22,2017-08-27 14:42:22
Lincoln Park,Michigan,2017-08-27 14:42:22,2017-08-27 14:42:22
Calumet City,Illinois,2017-08-27 14:42:22,2017-08-27 14:42:22
Muskegon,Michigan,2017-08-27 14:42:22,2017-08-27 14:42:22
Aventura,Florida,2017-08-27 14:42:22,2017-08-27 14:42:22
Martinez,California,2017-08-27 14:42:22,2017-08-27 14:42:22
Greenfield,Wisconsin,2017-08-27 14:42:22,2017-08-27 14:42:22
Apache Junction,Arizona,2017-08-27 14:42:22,2017-08-27 14:42:22
Monrovia,California,2017-08-27 14:42:22,2017-08-27 14:42:22
Weslaco,Texas,2017-08-27 14:42:22,2017-08-27 14:42:22
Keizer,Oregon,2017-08-27 14:42:22,2017-08-27 14:42:22
Spanish Fork,Utah,2017-08-27 14:42:22,2017-08-27 14:42:22
Beloit,Wisconsin,2017-08-27 14:42:22,2017-08-27 14:42:22
Panama City,Florida,2017-08-27 14:42:22,2017-08-27 14:42:22